"id","name","url","gender","avatar_url","follower_count"
"23b53dbbf9d25597373234d81da0cb7f","学习使你快乐9468","http://www.zhihu.com/api/v4/people/23b53dbbf9d25597373234d81da0cb7f","-1","https://pic4.zhimg.com/da8e974dc_is.jpg","0"
"f49d9314d34c6fd5c3652617bce85aab","知多多","http://www.zhihu.com/api/v4/people/f49d9314d34c6fd5c3652617bce85aab","0","https://pic4.zhimg.com/38c9b327a_is.jpg","1"
"df4cd57521efbb0fc5ce790f1cfbdd74","狗狗狗","http://www.zhihu.com/api/v4/people/df4cd57521efbb0fc5ce790f1cfbdd74","-1","https://pic4.zhimg.com/da8e974dc_is.jpg","0"
"da0fd8f9c858951a2c85d9d0d3d0067a","丁咚","http://www.zhihu.com/api/v4/people/da0fd8f9c858951a2c85d9d0d3d0067a","0","https://pic4.zhimg.com/v2-1c0f2582803412b1850278db4d26c472_is.jpg","1"
"18e6ba04704c93be706f51f2797b9431","KARIYA","http://www.zhihu.com/api/v4/people/18e6ba04704c93be706f51f2797b9431","1","https://pic3.zhimg.com/v2-a4eb26080af6d9e2048ad2b97018c85a_is.jpg","5"
"459e5351cc978ce76062a7c57ad2825e","bc ab","http://www.zhihu.com/api/v4/people/459e5351cc978ce76062a7c57ad2825e","1","https://pic4.zhimg.com/da8e974dc_is.jpg","0"
"6256958f352e16b99d874c6ed5c72f61","李昊坤","http://www.zhihu.com/api/v4/people/6256958f352e16b99d874c6ed5c72f61","-1","https://pic4.zhimg.com/da8e974dc_is.jpg","0"
"bd24c7e17af5aa45400919426e851ca2","Jayee","http://www.zhihu.com/api/v4/people/bd24c7e17af5aa45400919426e851ca2","0","https://pic4.zhimg.com/v2-86cc4adccb56ec53fc0350eb68511bd6_is.jpg","0"
"253d05df850d2173d46cedf89745edd9","halley","http://www.zhihu.com/api/v4/people/253d05df850d2173d46cedf89745edd9","-1","https://pic4.zhimg.com/da8e974dc_is.jpg","0"
"69033fc133e89cc6a781fbd5e05669f5","王伍洋","http://www.zhihu.com/api/v4/people/69033fc133e89cc6a781fbd5e05669f5","-1","https://pic3.zhimg.com/v2-2cbe7155cec559c68cc0ba122ee7e3a3_is.jpg","0"
"a30e0006463e2854885a7a125e682b9a","蔡科","http://www.zhihu.com/api/v4/people/a30e0006463e2854885a7a125e682b9a","-1","https://pic4.zhimg.com/da8e974dc_is.jpg","0"
"feeb9cde39d900be087e61a6d85ce09e","李伟","http://www.zhihu.com/api/v4/people/feeb9cde39d900be087e61a6d85ce09e","-1","https://pic4.zhimg.com/da8e974dc_is.jpg","1"
"14e3666aef5d2a69d6217d418864d5d5","王骁雷","http://www.zhihu.com/api/v4/people/14e3666aef5d2a69d6217d418864d5d5","-1","https://pic4.zhimg.com/da8e974dc_is.jpg","1"
"6e7cc1703729ff2fcc84de20cce343d7","River","http://www.zhihu.com/api/v4/people/6e7cc1703729ff2fcc84de20cce343d7","-1","https://pic4.zhimg.com/da8e974dc_is.jpg","0"
"dbd83193561188aeb72d2724b0858658","5021314","http://www.zhihu.com/api/v4/people/dbd83193561188aeb72d2724b0858658","-1","https://pic4.zhimg.com/da8e974dc_is.jpg","1"
"fe209e6e2ab48bdc61733cd4fd9184d5","小知了猴","http://www.zhihu.com/api/v4/people/fe209e6e2ab48bdc61733cd4fd9184d5","-1","https://pic1.zhimg.com/v2-fc8b75bd43a1a802efea34426c8ad893_is.jpg","1"
"c97c27c36a1abcf30bd40063cf951fe7","Chf8","http://www.zhihu.com/api/v4/people/c97c27c36a1abcf30bd40063cf951fe7","-1","https://pic2.zhimg.com/7d89ad48217854aabaf7a93142983251_is.jpg","1"
"bcfa15d5ff8778538ef04d1956f0439a","徐婷","http://www.zhihu.com/api/v4/people/bcfa15d5ff8778538ef04d1956f0439a","-1","https://pic2.zhimg.com/v2-b639d32f154a1eaa80fba9babffbdb0e_is.jpg","0"
"130321bbe43a5e034dbbb997dfa24f6b","百事可乐哒哒哒","http://www.zhihu.com/api/v4/people/130321bbe43a5e034dbbb997dfa24f6b","-1","https://pic2.zhimg.com/v2-a9dc95d0e672e3ed68640910664bf2bc_is.jpg","1"
"b7218c1c7ac7d04a2b27ebddbcbae097","欧阳颂","http://www.zhihu.com/api/v4/people/b7218c1c7ac7d04a2b27ebddbcbae097","0","https://pic4.zhimg.com/b9a19eb537428dbdf147ed76b78e1358_is.jpg","0"
